board_size,num_colors,num_cells,run_number,ga_success,ga_time,ga_generations,ga_fitness_evals,ga_generations_to_solution,ga_convergence_generation,ga_diversity_loss,bt_used,bt_time,total_time,final_fitness
10,10,100,1,False,13.5348,211,42400,,11,-0.0380,True,0.0002,13.5350,31158.80
10,10,100,2,True,1.9457,28,5600,28,11,-0.1140,False,0.0000,1.9457,31590.20
10,10,100,3,False,21.7369,297,59600,,13,-0.0070,True,0.0001,21.7369,31480.20
10,10,100,4,True,0.3783,5,1000,5,,-0.0450,False,0.0000,0.3783,31529.60
10,10,100,5,True,0.1512,2,400,2,,-0.0100,False,0.0000,0.1512,31602.40
10,10,100,6,True,0.6423,9,1800,9,,-0.0830,False,0.0000,0.6423,31580.80
10,10,100,7,True,0.1498,2,400,2,,-0.0140,False,0.0000,0.1498,31590.40
10,10,100,8,True,1.1858,16,3200,16,11,-0.0760,False,0.0000,1.1858,31572.00
10,10,100,9,True,0.1083,1,200,1,,0.0000,False,0.0000,0.1083,31586.20
10,10,100,10,False,21.7633,300,60000,,14,-0.0250,True,0.0001,21.7635,31286.60
11,11,121,1,True,3.8690,44,8800,44,11,-0.0880,False,0.0000,3.8690,34645.40
11,11,121,2,True,0.1941,2,400,2,,-0.0120,False,0.0000,0.1941,34651.60
11,11,121,3,True,0.1238,1,200,1,,0.0000,False,0.0000,0.1238,34637.40
11,11,121,4,True,0.2558,15,3000,15,11,-0.0990,False,0.0000,0.2558,34660.40
11,11,121,5,False,27.0406,300,60000,,11,-0.0440,True,0.0002,27.0408,34458.60
11,11,121,6,True,7.2139,98,19600,98,11,-0.0240,False,0.0000,7.2139,34648.60
11,11,121,7,True,1.8331,21,4200,21,11,-0.1020,False,0.0000,1.8331,34656.80
11,11,121,8,True,2.6952,32,6400,32,12,-0.1070,False,0.0000,2.6952,34662.60
11,11,121,9,False,25.6033,299,60000,,11,-0.0140,True,0.0001,25.6034,34676.20
11,11,121,10,True,2.0601,24,4800,24,11,-0.0900,False,0.0000,2.0601,34628.80
12,12,144,1,True,0.7520,7,1400,7,,-0.0640,False,0.0000,0.7520,37756.00
12,12,144,2,True,3.0442,31,6200,31,14,-0.1280,False,0.0000,3.0442,37784.00
12,12,144,3,True,1.6954,17,3400,17,11,-0.0980,False,0.0000,1.6954,37769.00
12,12,144,4,True,0.2194,2,400,2,,-0.0100,False,0.0000,0.2194,37715.00
12,12,144,5,True,8.8793,88,17600,88,11,-0.0450,False,0.0000,8.8793,37772.20
12,12,144,6,True,12.4147,130,26000,130,12,-0.0640,False,0.0000,12.4147,37776.40
12,12,144,7,True,9.4381,92,18400,92,11,-0.0900,False,0.0000,9.4381,37778.60
12,12,144,8,True,11.4197,114,22800,114,11,-0.0740,False,0.0000,11.4197,37751.00
12,12,144,9,True,0.4107,4,800,4,,-0.0330,False,0.0000,0.4107,37734.20
12,12,144,10,True,1.9125,19,3800,19,14,-0.1260,False,0.0000,1.9125,37769.40
13,13,169,1,False,36.8325,300,60000,,11,-0.0590,True,0.0002,36.8326,40803.60
13,13,169,2,True,23.9953,212,42400,212,11,-0.0360,False,0.0000,23.9953,40890.40
13,13,169,3,False,36.2324,300,60000,,11,-0.0320,True,0.0001,36.2325,41012.80
13,13,169,4,True,0.4943,4,800,4,,-0.0270,False,0.0000,0.4943,40768.20
13,13,169,5,True,2.0789,18,3600,18,14,-0.0880,False,0.0000,2.0789,40856.60
13,13,169,6,True,4.1380,42,8400,42,11,-0.1010,False,0.0000,4.1380,40856.80
13,13,169,7,False,36.4399,300,60000,,11,-0.0360,True,0.0001,36.4400,41028.80
13,13,169,8,True,0.1681,1,200,1,,0.0000,False,0.0000,0.1681,40787.40
13,13,169,9,True,0.7525,6,1200,6,,-0.0470,False,0.0000,0.7525,40782.60
13,13,169,10,True,5.3674,45,9000,45,12,-0.0990,False,0.0000,5.3674,40815.00
14,14,196,1,True,1.5675,11,2200,11,,-0.0600,False,0.0000,1.5675,43821.60
14,14,196,2,True,13.5214,98,19600,98,12,-0.1030,False,0.0000,13.5214,43903.00
14,14,196,3,True,19.7335,148,29600,148,11,-0.1120,False,0.0000,19.7335,43866.00
14,14,196,4,True,0.3202,2,400,2,,-0.0120,False,0.0000,0.3202,43816.60
14,14,196,5,True,4.4597,32,6400,32,17,-0.1290,False,0.0000,4.4597,43907.60
14,14,196,6,False,40.5911,300,60000,,11,-0.0600,True,0.0002,40.5912,44078.80
14,14,196,7,True,1.3705,10,2000,10,,-0.0610,False,0.0000,1.3705,43821.00
14,14,196,8,True,11.5489,84,16800,84,11,-0.0950,False,0.0000,11.5489,43873.20
14,14,196,9,True,7.3860,52,10400,52,13,-0.0890,False,0.0000,7.3860,43845.80
14,14,196,10,True,12.1854,96,19200,96,11,-0.1180,False,0.0000,12.1854,43896.60
15,15,225,1,True,36.1923,235,47000,235,14,-0.0810,False,0.0000,36.1923,47004.80
15,15,225,2,False,44.5595,300,60000,,12,-0.0850,True,0.4780,45.0375,41251.60
15,15,225,3,True,14.5696,100,20000,100,12,-0.1180,False,0.0000,14.5696,46973.40
15,15,225,4,False,47.7766,300,60000,,11,-0.0880,True,0.0002,47.7767,46716.00
15,15,225,5,True,1.4663,9,1800,9,,-0.0550,False,0.0000,1.4663,46930.60
15,15,225,6,False,44.2616,300,60000,,12,-0.0780,True,445.7217,489.9833,37606.00
15,15,225,7,False,45.3802,300,60000,,11,-0.0630,True,0.3297,45.7099,36842.80
15,15,225,8,True,2.7833,17,3400,17,11,-0.0770,False,0.0000,2.7833,46886.80
15,15,225,9,True,39.1122,259,51800,259,12,-0.1080,False,0.0000,39.1122,47048.40
15,15,225,10,False,47.0354,300,60000,,11,-0.1000,True,0.0004,47.0358,41567.00
